Peak Position,Group,Class,Peak Details,Context
3584-3700,O-H stretching (free),"alcohol, phenol","strong, sharp",General
3500-3700,O-H stretching (free),"phenol, alcohol","strong, sharp",General
3200-3550,O-H stretching (hydrogen-bonded),alcohol,"strong, broad",General
3500,N-H stretching,primary amine,"medium, sharp",General
3300-3400,N-H stretching,aliphatic primary amine,"medium, sharp",General
3310-3350,N-H stretching,secondary amine,"medium, sharp",General
3050-3100,C-H stretching (aromatic),aromatic hydrocarbon,medium to weak,General
2500-3300,O-H stretching,carboxylic acid,"very strong, very broad",General
2700-3200,O-H stretching,alcohol,"weak, broad",General
2800-3000,N-H stretching,amine salt,"strong, broad",General
3267-3333,C-H stretching,alkyne,"strong, sharp",General
3300,≡C–H stretching,terminal alkyne,"strong, sharp",General
3000-3100,C-H stretching,alkene,medium,General
2840-3000,C-H stretching,alkane,medium,General
2695-2830,C-H stretching,aldehyde,medium,General
2550-2600,S-H stretching,thiol,weak,General
2349,O=C=O stretching,carbon dioxide,strong,Inorganic
2250-2275,N=C=O stretching,isocyanate,"strong, broad",Polymer
2222-2260,C≡N stretching,nitrile,"weak to medium, sharp",Polymer
2190-2260,C≡C stretching,alkyne,weak,General
2200-2250,C≡C stretching,terminal alkyne,"weak to medium, sharp",General
2140-2175,S-C≡N stretching,thiocyanate,strong,General
2120-2160,N=N=N stretching,azide,strong,General
2150,C=C=O stretching,ketene,"typically sharp, medium",General
2120-2145,N=C=N stretching,carbodiimide,"strong, sharp",Polymer
2100-2140,C≡C stretching,alkyne,weak,General
1990-2140,N=C=S stretching,isothiocyanate,"strong, sharp",General
1900-2000,C=C=C stretching,allene,"medium, sharp",General
2000,C=C=N stretching,ketenimine,"weak to medium, sharp",General
1650-2000,C-H bending,aromatic compound,weak,General
1818,C=O stretching,anhydride,"strong, sharp",Polymer
1785-1815,C=O stretching,acid halide,"strong, sharp",General
1770-1800,C=O stretching,conjugated acid halide,"strong, sharp",General
1775,C=O stretching,conjugated anhydride,"strong, sharp",Polymer
1770-1780,C=O stretching,vinyl / phenyl ester,"strong, sharp",Polymer
1760,C=O stretching,carboxylic acid,"strong, sharp",General
1735-1750,C=O stretching,esters,"strong, sharp",Polymer
1735-1750,C=O stretching,δ-lactone,"strong, sharp",General
1745,C=O stretching,cyclopentanone,"strong, sharp",General
1720-1740,C=O stretching,aldehyde,"strong, sharp",General
1715-1730,C=O stretching,"α,β-unsaturated ester","strong, sharp",Polymer
1705-1725,C=O stretching,aliphatic ketone,"strong, sharp",General
1706-1720,C=O stretching,carboxylic acid,"strong, broad",General
1680-1710,C=O stretching,conjugated acid,strong,General
1685-1710,C=O stretching,conjugated aldehyde,"strong, sharp",General
1690,C=O stretching,primary amide,"strong, sharp",Polymer
1640-1690,C=N stretching,imine / oxime,strong,General
1666-1685,C=O stretching,conjugated ketone,"strong, sharp",General
1680,C=O stretching,secondary amide,"strong, sharp",Polymer
1680,C=O stretching,tertiary amide,"strong, sharp",Polymer
1650,C=O stretching,δ-lactam,"strong, sharp",Polymer
1668-1678,C=C stretching,alkene,weak,General
1665-1675,C=C stretching,alkene,weak,General
1626-1662,C=C stretching,alkene,medium,General
1648-1658,C=C stretching,alkene,medium,General
1600-1650,C=C stretching,conjugated alkene,medium,General
1580-1650,N-H bending,amine,medium,General
1566-1650,C=C stretching,cyclic alkene,medium,General
1638-1648,C=C stretching,alkene,strong,General
1610-1620,C=C stretching,"α,β-unsaturated ketone",strong,General
1500-1550,N-O stretching,nitro compound,strong,General
1465,C-H bending,alkane,medium,General
1450,C-H bending,alkane,medium,General
1380-1390,C-H bending,aldehyde,medium,General
1380-1385,C-H bending,alkane,medium,General
1395-1440,O-H bending,carboxylic acid,medium,General
1330-1420,O-H bending,alcohol,medium,General
1380-1415,S=O stretching,sulfate,"strong, sharp",General
1380-1410,S=O stretching,sulfonyl chloride,"strong, sharp",General
1000-1400,C-F stretching,fluoro compound,strong,Polymer
1310-1390,O-H bending,phenol,medium,General
1335-1372,S=O stretching,sulfonate,"strong, sharp",General
1335-1370,S=O stretching,sulfonamide,"strong, sharp",General
1342-1350,S=O stretching,sulfonic acid,"strong, sharp",General
1300-1350,S=O stretching,sulfone,"strong, sharp",General
1266-1342,C-N stretching,aromatic amine,strong,General
1250-1310,C-O stretching,aromatic ester,"strong, sharp",Polymer
1200-1275,C-O stretching,alkyl aryl ether,"strong, sharp",General
1020-1250,C-N stretching,amine,medium,General
1200-1225,C-O stretching,vinyl ether,"strong, sharp",Polymer
1163-1210,C-O stretching,ester,"strong, sharp",Polymer
1124-1205,C-O stretching,tertiary alcohol,"strong, sharp",General
1085-1150,C-O stretching,aliphatic ether,"strong, sharp",General
1087-1124,C-O stretching,secondary alcohol,"strong, sharp",General
1050-1085,C-O stretching,primary alcohol,"strong, sharp",General
1030-1070,S=O stretching,sulfoxide,"strong, sharp",General
1040-1050,CO-O-CO stretching,anhydride,"strong, broad",Polymer
985-995,C=C bending,allene,"strong, sharp",General
970-990,C-H bending,trans-alkene,"strong, sharp",General
960-980,C=C bending,alkene,"strong, sharp",General
905-920,C-H bending,vinyl group,medium,Polymer
885-895,C=C bending,alkene,strong,General
790-840,C=C bending,alkene,medium,General
665-730,C=C bending,alkene,strong,General
650-900,C-H out-of-plane bending,aromatic substitution,"pattern analysis, medium to strong",General
515-690,C-Br stretching,halo compound,strong,General
500-600,C-I stretching,halo compound,strong,General
700-800,C-Cl stretching,alkyl halide,"strong, sharp",General
550-850,C-Cl stretching,halo compound,strong,General
860-900,C-H bending,"1,2,4-trisubstituted benzene",strong,General
860-900,C-H bending,"1,3-disubstituted benzene",strong,General
790-830,C-H bending,"1,4-disubstituted benzene",strong,General
790-830,C-H bending,"1,2,3,4-tetrasubstituted benzene",strong,General
760-800,C-H bending,"1,2,3-trisubstituted benzene",strong,General
735-775,C-H bending,"1,2-disubstituted benzene",strong,General
730-770,C-H bending,monosubstituted benzene,strong,General
400-600,M–O stretching,metal–oxygen (inorganic),"strong, broad",Inorganic